hour,r_id,cf
1,1,0.445424627
2,1,0.373213629
3,1,0.662730195
4,1,0
1,2,1
2,2,0
3,2,0.656365516
4,2,0.825730113