hour,load
1,1187.44733038
2,1156.47819059
3,379.81429491
4,2189.3294531